{
  "Main_Page-3" : {
    "transaction" : "Main_Page-3",
    "sampleCount" : 428,
    "errorCount" : 0,
    "errorPct" : 0.0,
    "meanResTime" : 710.3411214953275,
    "medianResTime" : 502.0,
    "minResTime" : 323.0,
    "maxResTime" : 4019.0,
    "pct1ResTime" : 1388.8000000000002,
    "pct2ResTime" : 1671.3999999999978,
    "pct3ResTime" : 3858.7999999999965,
    "throughput" : 3.5683318882145,
    "receivedKBytesPerSec" : 23.907576139698527,
    "sentKBytesPerSec" : 2.4771814086156874
  },
  "Items_Page" : {
    "transaction" : "Items_Page",
    "sampleCount" : 422,
    "errorCount" : 0,
    "errorPct" : 0.0,
    "meanResTime" : 763.6777251184833,
    "medianResTime" : 623.0,
    "minResTime" : 366.0,
    "maxResTime" : 3796.0,
    "pct1ResTime" : 1399.1,
    "pct2ResTime" : 1621.6999999999994,
    "pct3ResTime" : 3119.2499999999995,
    "throughput" : 3.6559586928648162,
    "receivedKBytesPerSec" : 35.77668208212046,
    "sentKBytesPerSec" : 2.750615508152268
  },
  "Computers_Page-25" : {
    "transaction" : "Computers_Page-25",
    "sampleCount" : 427,
    "errorCount" : 0,
    "errorPct" : 0.0,
    "meanResTime" : 623.0163934426234,
    "medianResTime" : 506.0,
    "minResTime" : 331.0,
    "maxResTime" : 3380.0,
    "pct1ResTime" : 1199.6,
    "pct2ResTime" : 1326.3999999999996,
    "pct3ResTime" : 2625.479999999991,
    "throughput" : 3.6751099520600414,
    "receivedKBytesPerSec" : 20.9597039013616,
    "sentKBytesPerSec" : 2.643368018797284
  },
  "/build-your-own-computer" : {
    "transaction" : "/build-your-own-computer",
    "sampleCount" : 163,
    "errorCount" : 0,
    "errorPct" : 0.0,
    "meanResTime" : 680.8650306748466,
    "medianResTime" : 540.0,
    "minResTime" : 366.0,
    "maxResTime" : 3408.0,
    "pct1ResTime" : 1356.3999999999999,
    "pct2ResTime" : 1463.9999999999995,
    "pct3ResTime" : 3226.879999999996,
    "throughput" : 1.4231209128927769,
    "receivedKBytesPerSec" : 11.649432197674113,
    "sentKBytesPerSec" : 1.0515928395409344
  },
  "Desktops_Page-27" : {
    "transaction" : "Desktops_Page-27",
    "sampleCount" : 424,
    "errorCount" : 0,
    "errorPct" : 0.0,
    "meanResTime" : 712.0801886792452,
    "medianResTime" : 581.5,
    "minResTime" : 369.0,
    "maxResTime" : 3620.0,
    "pct1ResTime" : 1265.5,
    "pct2ResTime" : 1539.75,
    "pct3ResTime" : 3235.5,
    "throughput" : 3.659873458148829,
    "receivedKBytesPerSec" : 23.1479224256804,
    "sentKBytesPerSec" : 2.6608632802047456
  },
  "Debug Sampler" : {
    "transaction" : "Debug Sampler",
    "sampleCount" : 418,
    "errorCount" : 0,
    "errorPct" : 0.0,
    "meanResTime" : 0.1411483253588517,
    "medianResTime" : 0.0,
    "minResTime" : 0.0,
    "maxResTime" : 2.0,
    "pct1ResTime" : 1.0,
    "pct2ResTime" : 1.0,
    "pct3ResTime" : 1.0,
    "throughput" : 3.6854495278568846,
    "receivedKBytesPerSec" : 11.882903837209815,
    "sentKBytesPerSec" : 0.0
  },
  "/digital-storm-vanquish-3-custom-performance-pc" : {
    "transaction" : "/digital-storm-vanquish-3-custom-performance-pc",
    "sampleCount" : 138,
    "errorCount" : 0,
    "errorPct" : 0.0,
    "meanResTime" : 803.8260869565215,
    "medianResTime" : 662.5,
    "minResTime" : 412.0,
    "maxResTime" : 3474.0,
    "pct1ResTime" : 1449.6000000000006,
    "pct2ResTime" : 1674.25,
    "pct3ResTime" : 3223.2299999999905,
    "throughput" : 1.2087661825762486,
    "receivedKBytesPerSec" : 13.027280109117426,
    "sentKBytesPerSec" : 0.9276770639901547
  },
  "Total" : {
    "transaction" : "Total",
    "sampleCount" : 2119,
    "errorCount" : 0,
    "errorPct" : 0.0,
    "meanResTime" : 563.6177442189721,
    "medianResTime" : 509.0,
    "minResTime" : 0.0,
    "maxResTime" : 4019.0,
    "pct1ResTime" : 1083.0,
    "pct2ResTime" : 1451.0,
    "pct3ResTime" : 3237.400000000007,
    "throughput" : 17.50039229289,
    "receivedKBytesPerSec" : 111.17913596716716,
    "sentKBytesPerSec" : 10.158401803927884
  },
  "Desktops_Page" : {
    "transaction" : "Desktops_Page",
    "sampleCount" : 424,
    "errorCount" : 0,
    "errorPct" : 0.0,
    "meanResTime" : 712.0801886792452,
    "medianResTime" : 581.5,
    "minResTime" : 369.0,
    "maxResTime" : 3620.0,
    "pct1ResTime" : 1265.5,
    "pct2ResTime" : 1539.75,
    "pct3ResTime" : 3235.5,
    "throughput" : 3.6598418672098885,
    "receivedKBytesPerSec" : 23.147722619700133,
    "sentKBytesPerSec" : 2.6608403124244724
  },
  "/lenovo-ideacentre-600-all-in-one-pc" : {
    "transaction" : "/lenovo-ideacentre-600-all-in-one-pc",
    "sampleCount" : 121,
    "errorCount" : 0,
    "errorPct" : 0.0,
    "meanResTime" : 829.4380165289256,
    "medianResTime" : 674.0,
    "minResTime" : 467.0,
    "maxResTime" : 3796.0,
    "pct1ResTime" : 1518.1999999999998,
    "pct2ResTime" : 1745.4999999999998,
    "pct3ResTime" : 3642.880000000001,
    "throughput" : 1.080646601768331,
    "receivedKBytesPerSec" : 11.682302248928284,
    "sentKBytesPerSec" : 0.8139910522907922
  },
  "Computers_Page" : {
    "transaction" : "Computers_Page",
    "sampleCount" : 427,
    "errorCount" : 0,
    "errorPct" : 0.0,
    "meanResTime" : 623.0163934426234,
    "medianResTime" : 506.0,
    "minResTime" : 331.0,
    "maxResTime" : 3380.0,
    "pct1ResTime" : 1199.6,
    "pct2ResTime" : 1326.3999999999996,
    "pct3ResTime" : 2625.479999999991,
    "throughput" : 3.675046691166978,
    "receivedKBytesPerSec" : 20.959343114989373,
    "sentKBytesPerSec" : 2.6433225176221504
  },
  "Main_Page" : {
    "transaction" : "Main_Page",
    "sampleCount" : 428,
    "errorCount" : 0,
    "errorPct" : 0.0,
    "meanResTime" : 710.3411214953275,
    "medianResTime" : 502.0,
    "minResTime" : 323.0,
    "maxResTime" : 4019.0,
    "pct1ResTime" : 1388.8000000000002,
    "pct2ResTime" : 1671.3999999999978,
    "pct3ResTime" : 3858.7999999999965,
    "throughput" : 3.5640827067043057,
    "receivedKBytesPerSec" : 23.879106918317554,
    "sentKBytesPerSec" : 2.4742315727347672
  }
}